<?xml version="1.0" encoding="UTF-8"?>

<!DOCTYPE horario SYSTEM '10.dtd'>

<horario>
    <modulos>
        <modulo codM="EDD">Entornos de Desarrollos</modulo>
        <modulo codM="LMSGI">Lenguaje de Marcas</modulo>
        <modulo codM="PROG"> Programacion</modulo>
        <modulo codM="BBDD">Base de Datos</modulo>
        <modulo codM="FOL">Formacion y Orientacion Laboral</modulo>
        <modulo codM="SINF"> Sistemas Informaticos</modulo>
    </modulos>
    <profesores>
        <profesor codP="MUP">Marcos Unzueta Puente</profesor>
        <profesor codP="ARN"> Amor Rodriguez Navarro</profesor>
        <profesor codP="ACF"> Ambrosio Casado Fernández</profesor>
        <profesor codP="HRO"> Hermelinda Ramos Osorio</profesor>
        <profesor codP="MAM"> María del Cielo Alejo Mulas</profesor>
        <profesor codP="NCB"> Natividad Crespo Belver</profesor>
    </profesores>
    <imparte>
        <asignatura codM="EDD" codProfesor="MUP"/>
        <asignatura codM="LMSGI" codProfesor="ARN HRO"/>
        <asignatura codM="PROG" codProfesor="ACF"/>
        <asignatura codM="BBDD" codProfesor="HRO"/>
        <asignatura codM="FOL" codProfesor="MAM"/>
        <asignatura codM="SINF" codProfesor="NCB"/>
    </imparte>
    <grupo idgrupo="DAW1" codT="MUP">
        <hora entrada="08:30" salida="09:20">
            <dia_sem dia="lunes" num="1">Entornos de Desarrollos</dia_sem>
            <dia_sem dia="viernes" num="1">Entornos de Desarrollos</dia_sem>
        </hora>
        <hora entrada="08:30" salida="10:10">
            <dia_sem dia="martes" num="2">Base de Datos</dia_sem>
            <dia_sem dia="miercoles" num="2">Programacion</dia_sem>
            <dia_sem dia="jueves" num="2">Lenguaje de Marcas</dia_sem>
        </hora>
        
        <hora entrada="09:20" salida="11:00">
            <dia_sem dia="lunes" num="2">Sistemas Informaticos</dia_sem>
            <dia_sem dia="viernes" num="2">Sistemas Informaticos</dia_sem>
        </hora>
        
        <hora entrada="10:10" salida="11:00">
            <dia_sem dia="miercoles" num="1">Formacion y Orientacion Laboral</dia_sem>
        </hora>
        
        <hora entrada="11:00" salida="11:50">
            <dia_sem dia="viernes" num="1">Formacion y Orientacion Laboral</dia_sem>
        </hora>
        
        <hora entrada="10:10" salida="11:50">
            <dia_sem dia="martes" num="2">Programacion</dia_sem>
            <dia_sem dia="jueves" num="2">Programacion</dia_sem>
        </hora>

        <hora entrada="11:00" salida="13:05">
            <dia_sem dia="lunes" num="2">Programacion</dia_sem>
            <dia_sem dia="miercoles" num="2">Base de Datos</dia_sem>
        </hora>
        
        <hora entrada="13:05" salida="13:55">
            <dia_sem dia="lunes" num="1">Formacion y Orientacion Laboral</dia_sem>
            <dia_sem dia="miercoles" num="1">Entornos de Desarrollos</dia_sem>
        </hora>
        <hora entrada="12:15" salida="13:55">
            <dia_sem dia="martes" num="2">Lenguaje de Marcas</dia_sem>
            <dia_sem dia="jueves" num="2">Sistemas Informaticos</dia_sem>
            <dia_sem dia="viernes" num="2">Base de Datos</dia_sem>
        </hora>
        
    </grupo>
</horario>
